{"0": {"precision": 0.9375899737488357, "recall": 0.6960457660149619, "f1-score": 0.7989608890171741, "support": 15907}, "1": {"precision": 0.15839860748476936, "recall": 0.5525197328476017, "f1-score": 0.2462121212121212, "support": 1647}, "accuracy": 0.6825794690668794, "macro avg": {"precision": 0.5479942906168025, "recall": 0.6242827494312818, "f1-score": 0.5225865051146477, "support": 17554}, "weighted avg": {"precision": 0.8644825235815281, "recall": 0.6825794690668794, "f1-score": 0.7470993634062068, "support": 17554}}