{"0": {"precision": 0.9993695624763586, "recall": 0.7024727466099442, "f1-score": 0.8250234204226086, "support": 11283}, "1": {"precision": 0.17396653543307086, "recall": 0.9929775280898876, "f1-score": 0.2960636515912898, "support": 712}, "accuracy": 0.7197165485619008, "macro avg": {"precision": 0.5866680489547147, "recall": 0.847725137349916, "f1-score": 0.5605435360069492, "support": 11995}, "weighted avg": {"precision": 0.9503752352354399, "recall": 0.7197165485619008, "f1-score": 0.7936253916266187, "support": 11995}}