{"0": {"precision": 0.9821604012616991, "recall": 0.7164573196031836, "f1-score": 0.8285278080697928, "support": 26511}, "1": {"precision": 0.3377092511013216, "recall": 0.9174246050741982, "f1-score": 0.49368882019577537, "support": 4178}, "accuracy": 0.7438170028348919, "macro avg": {"precision": 0.6599348261815103, "recall": 0.816940962338691, "f1-score": 0.661108314132784, "support": 30689}, "weighted avg": {"precision": 0.8944248313385977, "recall": 0.7438170028348919, "f1-score": 0.7829428332795537, "support": 30689}}