{"0": {"precision": 0.960476730291982, "recall": 0.8745466718741283, "f1-score": 0.9154997444695919, "support": 35846}, "1": {"precision": 0.24062816616008106, "recall": 0.5248618784530387, "f1-score": 0.32997568600208405, "support": 2715}, "accuracy": 0.849926091128342, "macro avg": {"precision": 0.6005524482260315, "recall": 0.6997042751635835, "f1-score": 0.622737715235838, "support": 38561}, "weighted avg": {"precision": 0.9097936865011543, "recall": 0.849926091128342, "f1-score": 0.8742742104134398, "support": 38561}}