{"0": {"precision": 0.997959600081616, "recall": 0.8851687630078726, "f1-score": 0.9381863520836331, "support": 11051}, "1": {"precision": 0.1896551724137931, "recall": 0.9369085173501577, "f1-score": 0.31545406266595855, "support": 317}, "accuracy": 0.8866115411681914, "macro avg": {"precision": 0.5938073862477046, "recall": 0.9110386401790151, "f1-score": 0.6268202073747958, "support": 11368}, "weighted avg": {"precision": 0.9754197950525256, "recall": 0.8866115411681914, "f1-score": 0.9208212803255927, "support": 11368}}