{"0": {"precision": 0.8782142067490125, "recall": 0.8694903622013702, "f1-score": 0.8738305114979263, "support": 169022}, "1": {"precision": 0.5888043842970585, "recall": 0.6078280447206881, "f1-score": 0.598164998627063, "support": 51967}, "accuracy": 0.8079587671784568, "macro avg": {"precision": 0.7335092955230356, "recall": 0.7386592034610291, "f1-score": 0.7359977550624947, "support": 220989}, "weighted avg": {"precision": 0.8101576055455105, "recall": 0.8079587671784568, "f1-score": 0.8090059740442063, "support": 220989}}