{"0": {"precision": 1.0, "recall": 0.5702893938826701, "f1-score": 0.7263494182719817, "support": 133555.0}, "1": {"precision": 0.0012008562627264657, "recall": 1.0, "f1-score": 0.0023988318731748017, "support": 69.0}, "accuracy": 0.5705112853978327, "macro avg": {"precision": 0.5006004281313632, "recall": 0.785144696941335, "f1-score": 0.36437412507257827, "support": 133624.0}, "weighted avg": {"precision": 0.9994842457872996, "recall": 0.5705112853978327, "f1-score": 0.7259755887917871, "support": 133624.0}}