{"0": {"precision": 0.9994006166318105, "recall": 0.8730139597254764, "f1-score": 0.9319417832937595, "support": 265478.0}, "1": {"precision": 0.006571386474141742, "recall": 0.6160220994475138, "f1-score": 0.013004052832609265, "support": 362.0}, "accuracy": 0.872664008426121, "macro avg": {"precision": 0.5029860015529761, "recall": 0.744518029586495, "f1-score": 0.4724729180631844, "support": 265840.0}, "weighted avg": {"precision": 0.9980486598859594, "recall": 0.872664008426121, "f1-score": 0.9306904461796046, "support": 265840.0}}