{"0": {"precision": 0.9368382057852005, "recall": 0.846593762204988, "f1-score": 0.889432729084541, "support": 35846}, "1": {"precision": 0.10846303501945526, "recall": 0.24640883977900552, "f1-score": 0.15062478892266126, "support": 2715}, "accuracy": 0.8043359871372631, "macro avg": {"precision": 0.5226506204023279, "recall": 0.5465013009919968, "f1-score": 0.5200287590036011, "support": 38561}, "weighted avg": {"precision": 0.8785140288025236, "recall": 0.8043359871372631, "f1-score": 0.8374147949661441, "support": 38561}}