{"0": {"precision": 0.9766359971053448, "recall": 0.8548547642747263, "f1-score": 0.9116965836711061, "support": 11051}, "1": {"precision": 0.05368731563421829, "recall": 0.2870662460567823, "f1-score": 0.0904572564612326, "support": 317}, "accuracy": 0.8390218156228009, "macro avg": {"precision": 0.5151616563697815, "recall": 0.5709605051657543, "f1-score": 0.5010769200661693, "support": 11368}, "weighted avg": {"precision": 0.9508993035773411, "recall": 0.8390218156228009, "f1-score": 0.888796085190676, "support": 11368}}