{"0": {"precision": 0.7899961107259414, "recall": 0.8292056655346641, "f1-score": 0.8091261513770339, "support": 169022}, "1": {"precision": 0.3375556473449906, "recall": 0.2830642523139685, "f1-score": 0.3079177350986446, "support": 51967}, "accuracy": 0.7007769617492273, "macro avg": {"precision": 0.563775879035466, "recall": 0.5561349589243163, "f1-score": 0.5585219432378392, "support": 220989}, "weighted avg": {"precision": 0.6836017944454121, "recall": 0.7007769617492273, "f1-score": 0.6912637339320975, "support": 220989}}