{"0": {"precision": 0.9987235824949873, "recall": 0.9894998944096023, "f1-score": 0.9940903433669623, "support": 407234.0}, "1": {"precision": 0.07445887445887446, "recall": 0.40046565774155995, "f1-score": 0.12557035955466325, "support": 859.0}, "accuracy": 0.9882600289639861, "macro avg": {"precision": 0.5365912284769309, "recall": 0.6949827760755811, "f1-score": 0.5598303514608128, "support": 408093.0}, "weighted avg": {"precision": 0.9967780862865177, "recall": 0.9882600289639861, "f1-score": 0.992262184917553, "support": 408093.0}}