{"0": {"precision": 0.9234672304439746, "recall": 0.8237882693153957, "f1-score": 0.8707844635677974, "support": 15907.0}, "1": {"precision": 0.16676575505350774, "recall": 0.3406193078324226, "f1-score": 0.22390740371183399, "support": 1647.0}, "accuracy": 0.7784550529793779, "macro avg": {"precision": 0.5451164927487412, "recall": 0.5822037885739092, "f1-score": 0.5473459336398157, "support": 17554.0}, "weighted avg": {"precision": 0.8524698890990903, "recall": 0.7784550529793779, "f1-score": 0.8100913726721171, "support": 17554.0}}