{"0": {"precision": 0.9910210899979118, "recall": 0.8412656208455198, "f1-score": 0.9100234888068645, "support": 11283.0}, "1": {"precision": 0.25899875879189077, "recall": 0.8792134831460674, "f1-score": 0.4001278363694471, "support": 712.0}, "accuracy": 0.8435181325552313, "macro avg": {"precision": 0.6250099243949013, "recall": 0.8602395519957936, "f1-score": 0.6550756625881557, "support": 11995.0}, "weighted avg": {"precision": 0.9475696602506266, "recall": 0.8435181325552313, "f1-score": 0.8797570690873612, "support": 11995.0}}