{"0": {"precision": 0.930819464925216, "recall": 0.8333521934291426, "f1-score": 0.8793933845480237, "support": 26511.0}, "1": {"precision": 0.36468219729651996, "recall": 0.6069889899473432, "f1-score": 0.45562342795544375, "support": 4178.0}, "accuracy": 0.8025351103001075, "macro avg": {"precision": 0.647750831110868, "recall": 0.7201705916882428, "f1-score": 0.6675084062517338, "support": 30689.0}, "weighted avg": {"precision": 0.8537455457961244, "recall": 0.8025351103001075, "f1-score": 0.8217013490094335, "support": 30689.0}}