{"0": {"precision": 0.8863070539419087, "recall": 0.907391673746814, "f1-score": 0.8967254408060453, "support": 2354}, "1": {"precision": 0.6007326007326007, "recall": 0.5448504983388704, "f1-score": 0.5714285714285714, "support": 602}, "accuracy": 0.8335588633288228, "macro avg": {"precision": 0.7435198273372547, "recall": 0.7261210860428422, "f1-score": 0.7340770061173083, "support": 2956}, "weighted avg": {"precision": 0.8281487924967113, "recall": 0.8335588633288228, "f1-score": 0.8304775668665192, "support": 2956}}