{"0": {"precision": 0.9763464337700145, "recall": 0.9309507286606523, "f1-score": 0.953108348134991, "support": 2882}, "1": {"precision": 0.49104859335038364, "recall": 0.7470817120622568, "f1-score": 0.5925925925925926, "support": 257}, "accuracy": 0.9158967824147818, "macro avg": {"precision": 0.7336975135601991, "recall": 0.8390162203614546, "f1-score": 0.7728504703637917, "support": 3139}, "weighted avg": {"precision": 0.9366135427257823, "recall": 0.9158967824147818, "f1-score": 0.9235917666840842, "support": 3139}}