{"0": {"precision": 0.9333333333333333, "recall": 0.9151515151515152, "f1-score": 0.9241530054644809, "support": 2310}, "1": {"precision": 0.7159420289855073, "recall": 0.765891472868217, "f1-score": 0.7400749063670412, "support": 645}, "accuracy": 0.8825719120135364, "macro avg": {"precision": 0.8246376811594203, "recall": 0.8405214940098661, "f1-score": 0.8321139559157611, "support": 2955}, "weighted avg": {"precision": 0.8858824394909144, "recall": 0.8825719120135364, "f1-score": 0.8839735219051412, "support": 2955}}