{"0": {"precision": 0.5446334803612687, "recall": 0.906009783368274, "f1-score": 0.6803095894004986, "support": 2862}, "1": {"precision": 0.35336538461538464, "recall": 0.06349892008639309, "f1-score": 0.10765287440497986, "support": 2315}, "accuracy": 0.5292640525400811, "macro avg": {"precision": 0.44899943248832663, "recall": 0.48475435172733355, "f1-score": 0.3939812319027392, "support": 5177}, "weighted avg": {"precision": 0.45910409236595834, "recall": 0.5292640525400811, "f1-score": 0.4242345854957998, "support": 5177}}