{"0": {"precision": 0.8697756269247691, "recall": 0.9114799446749654, "f1-score": 0.8901395767672219, "support": 2169}, "1": {"precision": 0.7155555555555555, "recall": 0.62002567394095, "f1-score": 0.6643741403026134, "support": 779}, "accuracy": 0.8344640434192673, "macro avg": {"precision": 0.7926655912401623, "recall": 0.7657528093079577, "f1-score": 0.7772568585349177, "support": 2948}, "weighted avg": {"precision": 0.8290234438865678, "recall": 0.8344640434192673, "f1-score": 0.8304817494246404, "support": 2948}}