{"0": {"precision": 0.938844369464361, "recall": 0.9122950819672131, "f1-score": 0.9253793390147578, "support": 2440}, "1": {"precision": 0.6456953642384106, "recall": 0.7289719626168224, "f1-score": 0.684811237928007, "support": 535}, "accuracy": 0.879327731092437, "macro avg": {"precision": 0.7922698668513858, "recall": 0.8206335222920178, "f1-score": 0.8050952884713825, "support": 2975}, "weighted avg": {"precision": 0.8861268172640641, "recall": 0.879327731092437, "f1-score": 0.8821175124327707, "support": 2975}}