{"0": {"precision": 0.9688452870210792, "recall": 0.407744239245662, "f1-score": 0.5739417262231996, "support": 35846}, "1": {"precision": 0.09563365282215122, "recall": 0.8268876611418048, "f1-score": 0.17143948071783124, "support": 2715}, "accuracy": 0.4372552579030627, "macro avg": {"precision": 0.5322394699216152, "recall": 0.6173159501937334, "f1-score": 0.3726906034705154, "support": 38561}, "weighted avg": {"precision": 0.9073642676789956, "recall": 0.4372552579030627, "f1-score": 0.5456023782667909, "support": 38561}}