{"0": {"precision": 0.9054497243737353, "recall": 0.8157414974539511, "f1-score": 0.8582578212844765, "support": 15907}, "1": {"precision": 0.0905988209742476, "recall": 0.17729204614450517, "f1-score": 0.11991786447638604, "support": 1647}, "accuracy": 0.7558391249857582, "macro avg": {"precision": 0.4980242726739914, "recall": 0.49651677179922815, "f1-score": 0.4890878428804313, "support": 17554}, "weighted avg": {"precision": 0.8289965263619457, "recall": 0.7558391249857582, "f1-score": 0.7889832451842756, "support": 17554}}