{"0": {"precision": 0.997845756139595, "recall": 0.8210582291943632, "f1-score": 0.900860601935139, "support": 11283}, "1": {"precision": 0.2552563629656953, "recall": 0.9719101123595506, "f1-score": 0.404323692667251, "support": 712}, "accuracy": 0.8300125052105044, "macro avg": {"precision": 0.6265510595526451, "recall": 0.8964841707769569, "f1-score": 0.652592147301195, "support": 11995}, "weighted avg": {"precision": 0.9537670860320655, "recall": 0.8300125052105044, "f1-score": 0.8713871313725098, "support": 11995}}