{"0": {"precision": 1.0, "recall": 0.4299158447199348, "f1-score": 0.601316289077332, "support": 11051}, "1": {"precision": 0.04790690645307541, "recall": 1.0, "f1-score": 0.09143351600807613, "support": 317}, "accuracy": 0.4458128078817734, "macro avg": {"precision": 0.5239534532265377, "recall": 0.7149579223599674, "f1-score": 0.3463749025427041, "support": 11368}, "weighted avg": {"precision": 0.9734506060296995, "recall": 0.4458128078817734, "f1-score": 0.5870980590401264, "support": 11368}}