{"0": {"precision": 0.9736026738881163, "recall": 0.4722107181313675, "f1-score": 0.6359681274900398, "support": 169022}, "1": {"precision": 0.35826661199473425, "recall": 0.9583581888506167, "f1-score": 0.5215574568798501, "support": 51967}, "accuracy": 0.5865314563168302, "macro avg": {"precision": 0.6659346429414252, "recall": 0.7152844534909921, "f1-score": 0.578762792184945, "support": 220989}, "weighted avg": {"precision": 0.8289023986327262, "recall": 0.5865314563168302, "f1-score": 0.6090637145120195, "support": 220989}}