{"0": {"precision": 0.9426081730769231, "recall": 0.8282976877522538, "f1-score": 0.8817636075250468, "support": 26511}, "1": {"precision": 0.3842824293250372, "recall": 0.679990426041168, "f1-score": 0.4910552242675654, "support": 4178}, "accuracy": 0.8081071393658966, "macro avg": {"precision": 0.6634453012009802, "recall": 0.7541440568967108, "f1-score": 0.6864094158963061, "support": 30689}, "weighted avg": {"precision": 0.8665977146913328, "recall": 0.8081071393658966, "f1-score": 0.8285725740847342, "support": 30689}}