{"0": {"precision": 0.8618699499807618, "recall": 0.9515717926932881, "f1-score": 0.9045023218251566, "support": 2354.0}, "1": {"precision": 0.680672268907563, "recall": 0.40365448504983387, "f1-score": 0.5067778936392076, "support": 602.0}, "accuracy": 0.8399864682002707, "macro avg": {"precision": 0.7712711094441624, "recall": 0.6776131388715609, "f1-score": 0.7056401077321821, "support": 2956.0}, "weighted avg": {"precision": 0.824968392468561, "recall": 0.8399864682002707, "f1-score": 0.823504315814351, "support": 2956.0}}