{"0": {"precision": 0.9609978917779339, "recall": 0.9489937543372657, "f1-score": 0.954958100558659, "support": 2882.0}, "1": {"precision": 0.49829351535836175, "recall": 0.5680933852140078, "f1-score": 0.5309090909090909, "support": 257.0}, "accuracy": 0.9178082191780822, "macro avg": {"precision": 0.7296457035681478, "recall": 0.7585435697756368, "f1-score": 0.742933595733875, "support": 3139.0}, "weighted avg": {"precision": 0.9231148001118523, "recall": 0.9178082191780822, "f1-score": 0.920239847777538, "support": 3139.0}}