{"0": {"precision": 0.9197111299915038, "recall": 0.9372294372294372, "f1-score": 0.9283876500857633, "support": 2310.0}, "1": {"precision": 0.7587354409317804, "recall": 0.7069767441860465, "f1-score": 0.7319422150882825, "support": 645.0}, "accuracy": 0.8869712351945854, "macro avg": {"precision": 0.8392232854616422, "recall": 0.8221030907077418, "f1-score": 0.8301649325870228, "support": 2955.0}, "weighted avg": {"precision": 0.8845743044607012, "recall": 0.8869712351945854, "f1-score": 0.8855086972690542, "support": 2955.0}}