{"0": {"precision": 0.5433360588716272, "recall": 0.9287211740041929, "f1-score": 0.6855816352850143, "support": 2862.0}, "1": {"precision": 0.28421052631578947, "recall": 0.03498920086393088, "f1-score": 0.06230769230769231, "support": 2315.0}, "accuracy": 0.5290708904771103, "macro avg": {"precision": 0.4137732925937083, "recall": 0.48185518743406186, "f1-score": 0.37394466379635327, "support": 5177.0}, "weighted avg": {"precision": 0.4274628489302008, "recall": 0.5290708904771103, "f1-score": 0.4068721166463239, "support": 5177.0}}