{"0": {"precision": 0.9254933548127265, "recall": 0.9418032786885245, "f1-score": 0.9335770871419866, "support": 2440.0}, "1": {"precision": 0.7113821138211383, "recall": 0.6542056074766355, "f1-score": 0.6815968841285298, "support": 535.0}, "accuracy": 0.8900840336134453, "macro avg": {"precision": 0.8184377343169325, "recall": 0.79800444308258, "f1-score": 0.8075869856352582, "support": 2975.0}, "weighted avg": {"precision": 0.8869893165167602, "recall": 0.8900840336134453, "f1-score": 0.8882630002135162, "support": 2975.0}}