{"0": {"precision": 0.8635412306404353, "recall": 0.9511295527893038, "f1-score": 0.9052215884159719, "support": 2169.0}, "1": {"precision": 0.8103756708407871, "recall": 0.5815147625160462, "f1-score": 0.6771300448430494, "support": 779.0}, "accuracy": 0.8534599728629579, "macro avg": {"precision": 0.8369584507406111, "recall": 0.766322157652675, "f1-score": 0.7911758166295106, "support": 2948.0}, "weighted avg": {"precision": 0.8494923937734319, "recall": 0.8534599728629579, "f1-score": 0.844949094371431, "support": 2948.0}}