{"0": {"precision": 0.8237822349570201, "recall": 0.9770603228547153, "f1-score": 0.8938981733385154, "support": 2354}, "1": {"precision": 0.6707317073170732, "recall": 0.18272425249169436, "f1-score": 0.2872062663185379, "support": 602}, "accuracy": 0.8152909336941814, "macro avg": {"precision": 0.7472569711370467, "recall": 0.5798922876732049, "f1-score": 0.5905522198285267, "support": 2956}, "weighted avg": {"precision": 0.7926129461751364, "recall": 0.8152909336941814, "f1-score": 0.7703431909210505, "support": 2956}}