{"0": {"precision": 0.917786308381318, "recall": 0.9954892435808467, "f1-score": 0.9550599201065246, "support": 2882}, "1": {"precision": 0.0, "recall": 0.0, "f1-score": 0.0, "support": 257}, "accuracy": 0.9139853456514814, "macro avg": {"precision": 0.458893154190659, "recall": 0.49774462179042334, "f1-score": 0.4775299600532623, "support": 3139}, "weighted avg": {"precision": 0.8426441990299326, "recall": 0.9139853456514814, "f1-score": 0.8768661005884052, "support": 3139}}