{"0": {"precision": 0.782505105513955, "recall": 0.9952380952380953, "f1-score": 0.8761432926829268, "support": 2310}, "1": {"precision": 0.35294117647058826, "recall": 0.009302325581395349, "f1-score": 0.018126888217522657, "support": 645}, "accuracy": 0.7800338409475466, "macro avg": {"precision": 0.5677231409922716, "recall": 0.5022702104097453, "f1-score": 0.4471350904502247, "support": 2955}, "weighted avg": {"precision": 0.688742420494337, "recall": 0.7800338409475466, "f1-score": 0.6888605241955543, "support": 2955}}