{"0": {"precision": 0.5676759574894726, "recall": 0.9891684136967156, "f1-score": 0.7213657790801375, "support": 2862}, "1": {"precision": 0.8368421052631579, "recall": 0.06868250539956804, "f1-score": 0.12694610778443113, "support": 2315}, "accuracy": 0.5775545682827893, "macro avg": {"precision": 0.7022590313763153, "recall": 0.5289254595481419, "f1-score": 0.42415594343228435, "support": 5177}, "weighted avg": {"precision": 0.6880390311027779, "recall": 0.5775545682827893, "f1-score": 0.45555903018124627, "support": 5177}}