{"0": {"precision": 0.8335053319573443, "recall": 0.9930327868852459, "f1-score": 0.9063025995885544, "support": 2440}, "1": {"precision": 0.75, "recall": 0.09532710280373832, "f1-score": 0.16915422885572137, "support": 535}, "accuracy": 0.8315966386554622, "macro avg": {"precision": 0.7917526659786722, "recall": 0.5441799448444921, "f1-score": 0.5377284142221379, "support": 2975}, "weighted avg": {"precision": 0.818488406714595, "recall": 0.8315966386554622, "f1-score": 0.7737397833391206, "support": 2975}}