{"0": {"precision": 0.7634485215532597, "recall": 0.9880129091747349, "f1-score": 0.8613344051446946, "support": 2169}, "1": {"precision": 0.8156028368794326, "recall": 0.14762516046213095, "f1-score": 0.25000000000000006, "support": 779}, "accuracy": 0.7659430122116689, "macro avg": {"precision": 0.7895256792163461, "recall": 0.567819034818433, "f1-score": 0.5556672025723474, "support": 2948}, "weighted avg": {"precision": 0.7772301401553928, "recall": 0.7659430122116689, "f1-score": 0.6997911549385492, "support": 2948}}