{"0": {"precision": 0.9658839167035889, "recall": 0.7890688625463759, "f1-score": 0.8685691518501917, "support": 11051.0}, "1": {"precision": 0.0038461538461538464, "recall": 0.028391167192429023, "f1-score": 0.006774557771923221, "support": 317.0}, "accuracy": 0.7678571428571429, "macro avg": {"precision": 0.48486503527487135, "recall": 0.40873001486940247, "f1-score": 0.43767185481105747, "support": 11368.0}, "weighted avg": {"precision": 0.9390572127252456, "recall": 0.7678571428571429, "f1-score": 0.8445377579090577, "support": 11368.0}}