{"0": {"precision": 0.9721041445270988, "recall": 0.9933037734141706, "f1-score": 0.9825896253860269, "support": 11051.0}, "1": {"precision": 0.02631578947368421, "recall": 0.006309148264984227, "f1-score": 0.010178117048346055, "support": 317.0}, "accuracy": 0.9657811400422238, "macro avg": {"precision": 0.4992099670003915, "recall": 0.4998064608395774, "f1-score": 0.49638387121718647, "support": 11368.0}, "weighted avg": {"precision": 0.9457305600309753, "recall": 0.9657811400422238, "f1-score": 0.9554736464853368, "support": 11368.0}}