{"0": {"precision": 0.7299048617873998, "recall": 0.4611707351705695, "f1-score": 0.5652214898446054, "support": 169022.0}, "1": {"precision": 0.20248342776079933, "recall": 0.4449554524987011, "f1-score": 0.2783153992441203, "support": 51967.0}, "accuracy": 0.4573576060346895, "macro avg": {"precision": 0.46619414477409954, "recall": 0.4530630938346353, "f1-score": 0.42176844454436285, "support": 220989.0}, "weighted avg": {"precision": 0.6058782828080824, "recall": 0.4573576060346895, "f1-score": 0.4977536574627429, "support": 220989.0}}