{"0": {"precision": 0.929917027605281, "recall": 0.9942531942197177, "f1-score": 0.9610095453810064, "support": 35846.0}, "1": {"precision": 0.12340425531914893, "recall": 0.010681399631675874, "f1-score": 0.019661016949152545, "support": 2715.0}, "accuracy": 0.9250019449703067, "macro avg": {"precision": 0.526660641462215, "recall": 0.5024672969256968, "f1-score": 0.49033528116507946, "support": 38561.0}, "weighted avg": {"precision": 0.8731321367373874, "recall": 0.9250019449703067, "f1-score": 0.8947311486928375, "support": 38561.0}}