{"0": {"precision": 0.9584744252361432, "recall": 0.4866527916025699, "f1-score": 0.6455407514103949, "support": 11051.0}, "1": {"precision": 0.014590932777488274, "recall": 0.26498422712933756, "f1-score": 0.027658873888705957, "support": 317.0}, "accuracy": 0.48047149894440533, "macro avg": {"precision": 0.48653267900681574, "recall": 0.37581850936595373, "f1-score": 0.3365998126495504, "support": 11368.0}, "weighted avg": {"precision": 0.9321539583897855, "recall": 0.48047149894440533, "f1-score": 0.6283109348046265, "support": 11368.0}}