{"0": {"precision": 0.9314760281904509, "recall": 0.7853595938179992, "f1-score": 0.8521999727557553, "support": 35846.0}, "1": {"precision": 0.07723674742144399, "recall": 0.23720073664825045, "f1-score": 0.11652944901836607, "support": 2715.0}, "accuracy": 0.7467648660563782, "macro avg": {"precision": 0.5043563878059475, "recall": 0.5112801652331248, "f1-score": 0.4843647108870607, "support": 38561.0}, "weighted avg": {"precision": 0.8713308128877395, "recall": 0.7467648660563782, "f1-score": 0.8004029376179993, "support": 38561.0}}