{"0": {"precision": 0.7641319976709089, "recall": 0.7608950314160287, "f1-score": 0.7625100792107384, "support": 169022.0}, "1": {"precision": 0.23288347284702846, "recall": 0.23609213539361518, "f1-score": 0.23447682752030577, "support": 51967.0}, "accuracy": 0.6374842186715176, "macro avg": {"precision": 0.4985077352589687, "recall": 0.4984935834048219, "f1-score": 0.4984934533655221, "support": 220989.0}, "weighted avg": {"precision": 0.639205453410685, "recall": 0.6374842186715176, "f1-score": 0.638339627330343, "support": 220989.0}}