{"0": {"precision": 0.7654404474154356, "recall": 0.9911254156263681, "f1-score": 0.8637848401176655, "support": 169022.0}, "1": {"precision": 0.2964352720450281, "recall": 0.012161564069505647, "f1-score": 0.023364572358084253, "support": 51967.0}, "accuracy": 0.7609157016865092, "macro avg": {"precision": 0.5309378597302319, "recall": 0.5016434898479369, "f1-score": 0.44357470623787487, "support": 220989.0}, "weighted avg": {"precision": 0.6551508314233547, "recall": 0.7609157016865092, "f1-score": 0.6661545505798959, "support": 220989.0}}