{"0": {"precision": 0.9266442271731581, "recall": 0.4838475701612453, "f1-score": 0.6357421696021113, "support": 35846.0}, "1": {"precision": 0.06762749445676275, "recall": 0.49429097605893185, "f1-score": 0.11897690500465448, "support": 2715.0}, "accuracy": 0.48458286870153783, "macro avg": {"precision": 0.4971358608149604, "recall": 0.4890692731100886, "f1-score": 0.3773595373033829, "support": 38561.0}, "weighted avg": {"precision": 0.8661626413915391, "recall": 0.48458286870153783, "f1-score": 0.5993577995551184, "support": 38561.0}}