{"0": {"precision": 0.7311498586239397, "recall": 0.4589639218563264, "f1-score": 0.5639316376007736, "support": 169022.0}, "1": {"precision": 0.20404042162435046, "recall": 0.45109396347682185, "f1-score": 0.28098480126576214, "support": 51967.0}, "accuracy": 0.4571132499807683, "macro avg": {"precision": 0.46759514012414505, "recall": 0.4550289426665741, "f1-score": 0.4224582194332679, "support": 220989.0}, "weighted avg": {"precision": 0.6071966477738174, "recall": 0.4571132499807683, "f1-score": 0.4973948495985584, "support": 220989.0}}