{"0": {"precision": 0.9234001808606841, "recall": 0.4842660268928193, "f1-score": 0.635337176319883, "support": 35846.0}, "1": {"precision": 0.06451776136018622, "recall": 0.4696132596685083, "f1-score": 0.11344930373270457, "support": 2715.0}, "accuracy": 0.4832343559554991, "macro avg": {"precision": 0.4939589711104352, "recall": 0.4769396432806638, "f1-score": 0.37439324002629376, "support": 38561.0}, "weighted avg": {"precision": 0.8629280517939105, "recall": 0.4832343559554991, "f1-score": 0.5985921340732039, "support": 38561.0}}