{"0": {"precision": 0.7636911899136918, "recall": 0.7611790181159849, "f1-score": 0.7624330346560471, "support": 169022.0}, "1": {"precision": 0.23146050301772556, "recall": 0.23393692150788, "f1-score": 0.232692123648196, "support": 51967.0}, "accuracy": 0.6371946114964998, "macro avg": {"precision": 0.4975758464657087, "recall": 0.49755796981193245, "f1-score": 0.49756257915212154, "support": 220989.0}, "weighted avg": {"precision": 0.6385336838571792, "recall": 0.6371946114964998, "f1-score": 0.6378610155856635, "support": 220989.0}}