{"0": {"precision": 0.9299645390070922, "recall": 0.9949785192211126, "f1-score": 0.9613736219305102, "support": 35846.0}, "1": {"precision": 0.13875598086124402, "recall": 0.010681399631675874, "f1-score": 0.019835841313269494, "support": 2715.0}, "accuracy": 0.9256762013433262, "macro avg": {"precision": 0.5343602599341681, "recall": 0.5028299594263942, "f1-score": 0.4906047316218899, "support": 38561.0}, "weighted avg": {"precision": 0.8742571861021889, "recall": 0.9256762013433262, "f1-score": 0.8950819003886465, "support": 38561.0}}