{"0": {"precision": 0.7652778727965155, "recall": 0.9927169244240395, "f1-score": 0.8642850336229032, "support": 169022.0}, "1": {"precision": 0.290080738177624, "recall": 0.009679219504685666, "f1-score": 0.018733356920727737, "support": 51967.0}, "accuracy": 0.7615492173818607, "macro avg": {"precision": 0.5276793054870698, "recall": 0.5011980719643626, "f1-score": 0.4415091952718155, "support": 220989.0}, "weighted avg": {"precision": 0.6535321773332122, "recall": 0.7615492173818607, "f1-score": 0.6654480599129812, "support": 220989.0}}