{"0": {"precision": 0.9292205465620013, "recall": 0.7958489092227864, "f1-score": 0.8573789952965574, "support": 35846.0}, "1": {"precision": 0.06895674300254453, "recall": 0.1996316758747698, "f1-score": 0.10250591016548463, "support": 2715.0}, "accuracy": 0.7538704909105054, "macro avg": {"precision": 0.4990886447822729, "recall": 0.4977402925487781, "f1-score": 0.479942452731021, "support": 38561.0}, "weighted avg": {"precision": 0.8686511571098625, "recall": 0.7538704909105054, "f1-score": 0.8042299476543577, "support": 38561.0}}