{"0": {"precision": 0.9721312925771919, "recall": 0.9942991584471993, "f1-score": 0.9830902746711998, "support": 11051.0}, "1": {"precision": 0.03076923076923077, "recall": 0.006309148264984227, "f1-score": 0.010471204188481674, "support": 317.0}, "accuracy": 0.9667487684729064, "macro avg": {"precision": 0.5014502616732113, "recall": 0.5003041533560918, "f1-score": 0.49678073942984075, "support": 11368.0}, "weighted avg": {"precision": 0.9458811365609073, "recall": 0.9667487684729064, "f1-score": 0.9559685078394773, "support": 11368.0}}