{"0": {"precision": 0.9650567142334431, "recall": 0.4773323681114831, "f1-score": 0.6387358479142702, "support": 11051.0}, "1": {"precision": 0.02134869535750593, "recall": 0.39747634069400634, "f1-score": 0.04052098408104197, "support": 317.0}, "accuracy": 0.47510555946516536, "macro avg": {"precision": 0.4932027047954745, "recall": 0.4374043544027447, "f1-score": 0.3396284159976561, "support": 11368.0}, "weighted avg": {"precision": 0.9387411405191863, "recall": 0.47510555946516536, "f1-score": 0.6220544517289136, "support": 11368.0}}