{"0": {"precision": 0.9657709889619801, "recall": 0.783820468735861, "f1-score": 0.8653346653346653, "support": 11051.0}, "1": {"precision": 0.004168403501458941, "recall": 0.031545741324921134, "f1-score": 0.0073637702503681875, "support": 317.0}, "accuracy": 0.7628430682617875, "macro avg": {"precision": 0.48496969623171954, "recall": 0.40768310503039107, "f1-score": 0.43634921779251673, "support": 11368.0}, "weighted avg": {"precision": 0.9389564200324423, "recall": 0.7628430682617875, "f1-score": 0.8414098963566813, "support": 11368.0}}