{"0": {"precision": 0.9462114638901387, "recall": 0.9275166199623303, "f1-score": 0.9367707794105853, "support": 761885.0}, "1": {"precision": 0.5022398485736176, "recall": 0.5810807992324699, "f1-score": 0.5387914154624173, "support": 95892.0}, "accuracy": 0.888788111595438, "macro avg": {"precision": 0.7242256562318781, "recall": 0.7542987095974001, "f1-score": 0.7377810974365013, "support": 857777.0}, "weighted avg": {"precision": 0.8965793029253053, "recall": 0.888788111595438, "f1-score": 0.892280151697651, "support": 857777.0}}