{"0": {"precision": 0.9462087793421425, "recall": 0.9246190969375834, "f1-score": 0.9352893637756898, "support": 3890163.0}, "1": {"precision": 0.497439588688946, "recall": 0.586686286478904, "f1-score": 0.5383894835834018, "support": 494738.0}, "accuracy": 0.8864909378797834, "macro avg": {"precision": 0.7218241840155443, "recall": 0.7556526917082437, "f1-score": 0.7368394236795458, "support": 4384901.0}, "weighted avg": {"precision": 0.8955752138761535, "recall": 0.8864909378797834, "f1-score": 0.8905080898252468, "support": 4384901.0}}