{"0": {"precision": 0.9474652000149079, "recall": 0.9257168988900286, "f1-score": 0.9364647967506899, "support": 2114559.0}, "1": {"precision": 0.4967883721451752, "recall": 0.5882614023041702, "f1-score": 0.5386691584629599, "support": 263609.0}, "accuracy": 0.8883115070087563, "macro avg": {"precision": 0.7221267860800415, "recall": 0.7569891505970994, "f1-score": 0.737566977606825, "support": 2378168.0}, "weighted avg": {"precision": 0.8975097435804118, "recall": 0.8883115070087563, "f1-score": 0.8923709773008486, "support": 2378168.0}}