{"0": {"precision": 0.9456639497939892, "recall": 0.9196446239824223, "f1-score": 0.9324728141481974, "support": 732745.0}, "1": {"precision": 0.475325693714245, "recall": 0.5794201670631429, "f1-score": 0.522236309433482, "support": 92061.0}, "accuracy": 0.8816703564232073, "macro avg": {"precision": 0.710494821754117, "recall": 0.7495323955227826, "f1-score": 0.7273545617908397, "support": 824806.0}, "weighted avg": {"precision": 0.8931669866378563, "recall": 0.8816703564232073, "f1-score": 0.8866841282504936, "support": 824806.0}}