{"0": {"precision": 0.9477022719439108, "recall": 0.9199199095351226, "f1-score": 0.933604448392722, "support": 771128.0}, "1": {"precision": 0.47468801306644665, "recall": 0.5877068259134043, "f1-score": 0.5251858823529412, "support": 94947.0}, "accuracy": 0.8834996969084663, "macro avg": {"precision": 0.7111951425051787, "recall": 0.7538133677242634, "f1-score": 0.7293951653728317, "support": 866075.0}, "weighted avg": {"precision": 0.8958461568988643, "recall": 0.8834996969084663, "f1-score": 0.8888298993181281, "support": 866075.0}}