{"0": {"precision": 0.9513321973962923, "recall": 0.9238636283141961, "f1-score": 0.9373967279237633, "support": 705865.0}, "1": {"precision": 0.47507325649540927, "recall": 0.5931535750435981, "f1-score": 0.5275871981082445, "support": 81999.0}, "accuracy": 0.8894441172588162, "macro avg": {"precision": 0.7132027269458507, "recall": 0.7585086016788971, "f1-score": 0.7324919630160038, "support": 787864.0}, "weighted avg": {"precision": 0.9017643063707708, "recall": 0.8894441172588162, "f1-score": 0.8947447326106855, "support": 787864.0}}