{"0": {"precision": 0.9500749316799388, "recall": 0.8901247143683065, "f1-score": 0.9191232907865936, "support": 36323.0}, "1": {"precision": 0.20291591771519873, "recall": 0.3742173112338858, "f1-score": 0.2631442631442632, "support": 2715.0}, "accuracy": 0.8542445822019571, "macro avg": {"precision": 0.5764954246975688, "recall": 0.6321710128010962, "f1-score": 0.5911337769654283, "support": 39038.0}, "weighted avg": {"precision": 0.8981118002973303, "recall": 0.8542445822019571, "f1-score": 0.8735015104687257, "support": 39038.0}}