{"0": {"precision": 0.9927294163882885, "recall": 0.9048088116772633, "f1-score": 0.9467322557976108, "support": 11167.0}, "1": {"precision": 0.1860643185298622, "recall": 0.7665615141955836, "f1-score": 0.29944547134935307, "support": 317.0}, "accuracy": 0.9009926854754441, "macro avg": {"precision": 0.5893968674590754, "recall": 0.8356851629364235, "f1-score": 0.6230888635734819, "support": 11484.0}, "weighted avg": {"precision": 0.9704625375985705, "recall": 0.9009926854754441, "f1-score": 0.9288647957949898, "support": 11484.0}}