{"0": {"precision": 0.8567842279670189, "recall": 0.8920887546468401, "f1-score": 0.8740801447864911, "support": 172160.0}, "1": {"precision": 0.5859871192030842, "recall": 0.5059941886197009, "f1-score": 0.5430607187112763, "support": 51967.0}, "accuracy": 0.802567294435744, "macro avg": {"precision": 0.7213856735850516, "recall": 0.6990414716332705, "f1-score": 0.7085704317488837, "support": 224127.0}, "weighted avg": {"precision": 0.7939961062720183, "recall": 0.802567294435744, "f1-score": 0.7973286310694883, "support": 224127.0}}