{"0": {"precision": 0.9071019858633457, "recall": 0.8471113346325517, "f1-score": 0.8760808790065665, "support": 15907}, "1": {"precision": 0.09892552797332345, "recall": 0.1621129326047359, "f1-score": 0.1228716060745513, "support": 1647}, "accuracy": 0.7828415176028256, "macro avg": {"precision": 0.5030137569183346, "recall": 0.5046121336186438, "f1-score": 0.4994762425405589, "support": 17554}, "weighted avg": {"precision": 0.8312750161615758, "recall": 0.7828415176028256, "f1-score": 0.8054111927516372, "support": 17554}}