{"0": {"precision": 0.9589395099540582, "recall": 0.8879730568111318, "f1-score": 0.9220928627306613, "support": 11283}, "1": {"precision": 0.18293471234647704, "recall": 0.39747191011235955, "f1-score": 0.2505533421868083, "support": 712}, "accuracy": 0.8588578574406003, "macro avg": {"precision": 0.5709371111502676, "recall": 0.6427224834617457, "f1-score": 0.5863231024587348, "support": 11995}, "weighted avg": {"precision": 0.9128773660693897, "recall": 0.8588578574406003, "f1-score": 0.8822315756421056, "support": 11995}}