{"0": {"precision": 0.8834623393972731, "recall": 0.8481385085436234, "f1-score": 0.8654401293252763, "support": 26511}, "1": {"precision": 0.2313860252004582, "recall": 0.2900909526089038, "f1-score": 0.2574341546304163, "support": 4178}, "accuracy": 0.7721659226432924, "macro avg": {"precision": 0.5574241822988657, "recall": 0.5691147305762636, "f1-score": 0.5614371419778463, "support": 30689}, "weighted avg": {"precision": 0.7946886797565454, "recall": 0.7721659226432924, "f1-score": 0.7826662050437706, "support": 30689}}