{"0": {"precision": 0.9121683440073193, "recall": 0.44181512009217405, "f1-score": 0.5952949605923095, "support": 11283.0}, "1": {"precision": 0.03552833078101072, "recall": 0.3258426966292135, "f1-score": 0.06407069870201602, "support": 712.0}, "accuracy": 0.43493122134222595, "macro avg": {"precision": 0.473848337394165, "recall": 0.3838289083606938, "f1-score": 0.3296828296471627, "support": 11995.0}, "weighted avg": {"precision": 0.8601326883660411, "recall": 0.43493122134222595, "f1-score": 0.5637625158681837, "support": 11995.0}}