{"0": {"precision": 0.8785942492012779, "recall": 0.5497717928407077, "f1-score": 0.6763341067285383, "support": 26511.0}, "1": {"precision": 0.15347517730496454, "recall": 0.517951172809957, "f1-score": 0.23678739468213153, "support": 4178.0}, "accuracy": 0.5454397341066832, "macro avg": {"precision": 0.5160347132531212, "recall": 0.5338614828253323, "f1-score": 0.4565607507053349, "support": 30689.0}, "weighted avg": {"precision": 0.7798765496221846, "recall": 0.5454397341066832, "f1-score": 0.616494223938943, "support": 30689.0}}