{"0": {"precision": 0.9011602291085328, "recall": 0.5438269963662147, "f1-score": 0.6783108556267963, "support": 11283.0}, "1": {"precision": 0.007520246818357115, "recall": 0.054775280898876406, "f1-score": 0.013224821973550356, "support": 712.0}, "accuracy": 0.5147978324301793, "macro avg": {"precision": 0.45434023796344497, "recall": 0.29930113863254554, "f1-score": 0.3457678388001733, "support": 11995.0}, "weighted avg": {"precision": 0.8481154881839303, "recall": 0.5147978324301793, "f1-score": 0.638832635038125, "support": 11995.0}}