{"0": {"precision": 0.8731414444640649, "recall": 0.9325562973859908, "f1-score": 0.9018713748951227, "support": 26511.0}, "1": {"precision": 0.2468407750631845, "recall": 0.14025849688846337, "f1-score": 0.17887667887667888, "support": 4178.0}, "accuracy": 0.8246928867020756, "macro avg": {"precision": 0.5599911097636248, "recall": 0.5364073971372271, "f1-score": 0.5403740268859007, "support": 30689.0}, "weighted avg": {"precision": 0.7878768807195025, "recall": 0.8246928867020756, "f1-score": 0.8034428878162, "support": 30689.0}}