{"0": {"precision": 0.8750914678764817, "recall": 0.45109577156651953, "f1-score": 0.5953157279040246, "support": 26511.0}, "1": {"precision": 0.14515655289901896, "recall": 0.5914313068453806, "f1-score": 0.23310221215980376, "support": 4178.0}, "accuracy": 0.4702010492358826, "macro avg": {"precision": 0.5101240103877503, "recall": 0.52126353920595, "f1-score": 0.4142089700319142, "support": 30689.0}, "weighted avg": {"precision": 0.7757181394925057, "recall": 0.4702010492358826, "f1-score": 0.5460039852998553, "support": 30689.0}}