{"0": {"precision": 0.9171070355403586, "recall": 0.5564217011378638, "f1-score": 0.6926207058455278, "support": 15907.0}, "1": {"precision": 0.10717449069973428, "recall": 0.5142683667273831, "f1-score": 0.17738219895287957, "support": 1647.0}, "accuracy": 0.5524666742622764, "macro avg": {"precision": 0.5121407631200464, "recall": 0.5353450339326234, "f1-score": 0.4350014523992037, "support": 17554.0}, "weighted avg": {"precision": 0.841115301385607, "recall": 0.5524666742622764, "f1-score": 0.6442785718104252, "support": 17554.0}}