{"0": {"precision": 0.9382999382116691, "recall": 0.9421253212798014, "f1-score": 0.940208738722802, "support": 11283.0}, "1": {"precision": 0.01951951951951952, "recall": 0.018258426966292134, "f1-score": 0.018867924528301886, "support": 712.0}, "accuracy": 0.8872863693205503, "macro avg": {"precision": 0.4789097288655943, "recall": 0.48019187412304676, "f1-score": 0.47953833162555193, "support": 11995.0}, "weighted avg": {"precision": 0.8837629096073497, "recall": 0.8872863693205503, "f1-score": 0.8855197299936245, "support": 11995.0}}