{"0": {"precision": 0.9127584467977812, "recall": 0.4551455334129628, "f1-score": 0.607408028860271, "support": 15907.0}, "1": {"precision": 0.0992517148202037, "recall": 0.5798421372191864, "f1-score": 0.16949152542372883, "support": 1647.0}, "accuracy": 0.4668451634954996, "macro avg": {"precision": 0.5060050808089924, "recall": 0.5174938353160746, "f1-score": 0.3884497771419999, "support": 17554.0}, "weighted avg": {"precision": 0.8364313653595294, "recall": 0.4668451634954996, "f1-score": 0.5663206139599642, "support": 17554.0}}