{"0": {"precision": 0.9149329065616152, "recall": 0.9344313824102596, "f1-score": 0.9245793549591017, "support": 15907.0}, "1": {"precision": 0.20259938837920488, "recall": 0.16089860352155433, "f1-score": 0.1793570219966159, "support": 1647.0}, "accuracy": 0.861854847897915, "macro avg": {"precision": 0.55876614747041, "recall": 0.547664992965907, "f1-score": 0.5519681884778588, "support": 17554.0}, "weighted avg": {"precision": 0.8480983785653505, "recall": 0.861854847897915, "f1-score": 0.8546590415040936, "support": 17554.0}}