{"0": {"precision": 0.8658002542732024, "recall": 0.46237410886047303, "f1-score": 0.6028178711057564, "support": 26511.0}, "1": {"precision": 0.1378017058859113, "recall": 0.5452369554810914, "f1-score": 0.2200009657636776, "support": 4178.0}, "accuracy": 0.4736550555573658, "macro avg": {"precision": 0.5018009800795569, "recall": 0.5038055321707822, "f1-score": 0.41140941843471696, "support": 30689.0}, "weighted avg": {"precision": 0.7666905428077879, "recall": 0.4736550555573658, "f1-score": 0.5507011833505605, "support": 30689.0}}