{"0": {"precision": 0.9361682753596795, "recall": 0.9111938314278117, "f1-score": 0.9235122389400404, "support": 11283.0}, "1": {"precision": 0.01085883514313919, "recall": 0.01544943820224719, "f1-score": 0.012753623188405798, "support": 712.0}, "accuracy": 0.8580241767403085, "macro avg": {"precision": 0.47351355525140937, "recall": 0.46332163481502947, "f1-score": 0.4681329310642231, "support": 11995.0}, "weighted avg": {"precision": 0.8812436966657088, "recall": 0.8580241767403085, "f1-score": 0.8694513690429865, "support": 11995.0}}