{"0": {"precision": 0.9147998993204128, "recall": 0.4569686301628214, "f1-score": 0.609483083888819, "support": 15907.0}, "1": {"precision": 0.10095753538717735, "recall": 0.588949605343048, "f1-score": 0.1723678365171035, "support": 1647.0}, "accuracy": 0.46935171470889825, "macro avg": {"precision": 0.5078787173537951, "recall": 0.5229591177529347, "f1-score": 0.39092546020296126, "support": 17554.0}, "weighted avg": {"precision": 0.8384413272913575, "recall": 0.46935171470889825, "f1-score": 0.5684708466539314, "support": 17554.0}}