{"0": {"precision": 0.9010424313610336, "recall": 0.5439156252769654, "f1-score": 0.6783464131756383, "support": 11283.0}, "1": {"precision": 0.0073302469135802465, "recall": 0.05337078651685393, "f1-score": 0.012890094979647217, "support": 712.0}, "accuracy": 0.5147978324301793, "macro avg": {"precision": 0.4541863391373069, "recall": 0.2986432058969096, "f1-score": 0.34561825407764274, "support": 11995.0}, "weighted avg": {"precision": 0.8479934046560242, "recall": 0.5147978324301793, "f1-score": 0.6388462132126916, "support": 11995.0}}