{"0": {"precision": 0.876738976656449, "recall": 0.5610124099430425, "f1-score": 0.6842093156986774, "support": 26511.0}, "1": {"precision": 0.1520582877959927, "recall": 0.4995213020584012, "f1-score": 0.2331452829134782, "support": 4178.0}, "accuracy": 0.5526410114373228, "macro avg": {"precision": 0.5143986322262208, "recall": 0.5302668560007218, "f1-score": 0.4586772993060778, "support": 30689.0}, "weighted avg": {"precision": 0.7780809585372862, "recall": 0.5526410114373228, "f1-score": 0.622801465036337, "support": 30689.0}}