{"0": {"precision": 0.9312315634218289, "recall": 0.44766462820171943, "f1-score": 0.6046567307116778, "support": 11283.0}, "1": {"precision": 0.051590321107898345, "recall": 0.476123595505618, "f1-score": 0.0930935054235892, "support": 712.0}, "accuracy": 0.4493538974572739, "macro avg": {"precision": 0.4914109422648636, "recall": 0.4618941118536687, "f1-score": 0.3488751180676335, "support": 11995.0}, "weighted avg": {"precision": 0.8790177606267043, "recall": 0.4493538974572739, "f1-score": 0.5742913270930768, "support": 11995.0}}