{"0": {"precision": 0.8745893241954287, "recall": 0.9338387839010223, "f1-score": 0.9032434601773139, "support": 26511.0}, "1": {"precision": 0.26364399664147775, "recall": 0.15031115366203926, "f1-score": 0.19146341463414634, "support": 4178.0}, "accuracy": 0.8271693440646486, "macro avg": {"precision": 0.5691166604184532, "recall": 0.5420749687815307, "f1-score": 0.5473534374057302, "support": 30689.0}, "weighted avg": {"precision": 0.7914152364597447, "recall": 0.8271693440646486, "f1-score": 0.8063417354459981, "support": 30689.0}}