{"0": {"precision": 0.9179724471553266, "recall": 0.5487521217074244, "f1-score": 0.6868901479383066, "support": 15907.0}, "1": {"precision": 0.10776880049720323, "recall": 0.5264116575591985, "f1-score": 0.17891044160132066, "support": 1647.0}, "accuracy": 0.5466560328130341, "macro avg": {"precision": 0.5128706238262649, "recall": 0.5375818896333114, "f1-score": 0.4329002947698136, "support": 17554.0}, "weighted avg": {"precision": 0.8419552769350959, "recall": 0.5466560328130341, "f1-score": 0.639229069190613, "support": 17554.0}}