{"0": {"precision": 0.9205472574369273, "recall": 0.9221097629974225, "f1-score": 0.9213278477434754, "support": 15907.0}, "1": {"precision": 0.2351851851851852, "recall": 0.23132969034608378, "f1-score": 0.2332415059687787, "support": 1647.0}, "accuracy": 0.857297482055372, "macro avg": {"precision": 0.5778662213110562, "recall": 0.5767197266717532, "f1-score": 0.577284676856127, "support": 17554.0}, "weighted avg": {"precision": 0.8562433191323461, "recall": 0.857297482055372, "f1-score": 0.8567683054794373, "support": 17554.0}}