{"0": {"precision": 0.8901384083044983, "recall": 0.8742565845369583, "f1-score": 0.8821260180025717, "support": 2354}, "1": {"precision": 0.5403726708074534, "recall": 0.5780730897009967, "f1-score": 0.5585874799357946, "support": 602}, "accuracy": 0.8139377537212449, "macro avg": {"precision": 0.7152555395559759, "recall": 0.7261648371189775, "f1-score": 0.7203567489691831, "support": 2956}, "weighted avg": {"precision": 0.8189073616288485, "recall": 0.8139377537212449, "f1-score": 0.8162362345397166, "support": 2956}}