{"0": {"precision": 0.9760568649457538, "recall": 0.9052741151977793, "f1-score": 0.9393339333933394, "support": 2882}, "1": {"precision": 0.41416309012875535, "recall": 0.7509727626459144, "f1-score": 0.5338865836791148, "support": 257}, "accuracy": 0.8926409684612934, "macro avg": {"precision": 0.6951099775372546, "recall": 0.8281234389218468, "f1-score": 0.7366102585362271, "support": 3139}, "weighted avg": {"precision": 0.9300528190305042, "recall": 0.8926409684612934, "f1-score": 0.9061386581857716, "support": 3139}}