{"0": {"precision": 0.9344780840488025, "recall": 0.8952380952380953, "f1-score": 0.9144373203625913, "support": 2310}, "1": {"precision": 0.6738544474393531, "recall": 0.7751937984496124, "f1-score": 0.7209805335255949, "support": 645}, "accuracy": 0.8690355329949239, "macro avg": {"precision": 0.8041662657440778, "recall": 0.8352159468438538, "f1-score": 0.8177089269440931, "support": 2955}, "weighted avg": {"precision": 0.8775906912863338, "recall": 0.8690355329949239, "f1-score": 0.8722107120682214, "support": 2955}}