{"0": {"precision": 0.5317320405464963, "recall": 0.8431167016072676, "f1-score": 0.6521621621621622, "support": 2862}, "1": {"precision": 0.297339593114241, "recall": 0.08207343412526998, "f1-score": 0.12863913337846988, "support": 2315}, "accuracy": 0.502800849913077, "macro avg": {"precision": 0.41453581683036866, "recall": 0.4625950678662688, "f1-score": 0.390400647770316, "support": 5177}, "weighted avg": {"precision": 0.4269187286273015, "recall": 0.502800849913077, "f1-score": 0.4180582773574012, "support": 5177}}