{"0": {"precision": 0.9406669553919446, "recall": 0.8901639344262295, "f1-score": 0.9147188881869868, "support": 2440}, "1": {"precision": 0.5975975975975976, "recall": 0.7439252336448599, "f1-score": 0.6627810158201498, "support": 535}, "accuracy": 0.8638655462184874, "macro avg": {"precision": 0.769132276494771, "recall": 0.8170445840355447, "f1-score": 0.7887499520035683, "support": 2975}, "weighted avg": {"precision": 0.8789721297045578, "recall": 0.8638655462184874, "f1-score": 0.8694124136605137, "support": 2975}}