{"0": {"precision": 0.8695259593679459, "recall": 0.8879668049792531, "f1-score": 0.8786496350364963, "support": 2169}, "1": {"precision": 0.6684856753069577, "recall": 0.6290115532734275, "f1-score": 0.6481481481481481, "support": 779}, "accuracy": 0.819538670284939, "macro avg": {"precision": 0.7690058173374518, "recall": 0.7584891791263403, "f1-score": 0.7633988915923222, "support": 2948}, "weighted avg": {"precision": 0.8164016780641773, "recall": 0.819538670284939, "f1-score": 0.8177403208282117, "support": 2948}}