{"0": {"precision": 0.9997812773403325, "recall": 0.9925423982628879, "f1-score": 0.996148686984065, "support": 133555.0}, "1": {"precision": 0.03861003861003861, "recall": 0.5797101449275363, "f1-score": 0.07239819004524886, "support": 69.0}, "accuracy": 0.992329222295396, "macro avg": {"precision": 0.5191956579751855, "recall": 0.7861262715952121, "f1-score": 0.5342734385146569, "support": 133624.0}, "weighted avg": {"precision": 0.9992849532108917, "recall": 0.992329222295396, "f1-score": 0.9956716859641227, "support": 133624.0}}