{"0": {"precision": 0.9909176323207015, "recall": 0.8412656208455198, "f1-score": 0.9099798677020419, "support": 11283}, "1": {"precision": 0.2586920529801324, "recall": 0.8778089887640449, "f1-score": 0.3996163682864449, "support": 712}, "accuracy": 0.8434347644852022, "macro avg": {"precision": 0.6248048426504169, "recall": 0.8595373048047823, "f1-score": 0.6547981179942434, "support": 11995}, "weighted avg": {"precision": 0.9474541381572598, "recall": 0.8434347644852022, "f1-score": 0.8796856774907951, "support": 11995}}