{"0": {"precision": 0.9307802494101787, "recall": 0.8333521934291426, "f1-score": 0.8793758831373018, "support": 26511}, "1": {"precision": 0.364590824104703, "recall": 0.6067496409765438, "f1-score": 0.45548468241847095, "support": 4178}, "accuracy": 0.8025025253348105, "macro avg": {"precision": 0.6476855367574408, "recall": 0.7200509172028432, "f1-score": 0.6674302827778864, "support": 30689}, "weighted avg": {"precision": 0.8536992295357521, "recall": 0.8025025253348105, "f1-score": 0.8216673414251809, "support": 30689}}