{"0": {"precision": 0.9412969480182312, "recall": 0.9103107738659822, "f1-score": 0.9255445881552077, "support": 35846}, "1": {"precision": 0.17458279845956354, "recall": 0.2504604051565378, "f1-score": 0.20574886535552195, "support": 2715}, "accuracy": 0.8638520785249345, "macro avg": {"precision": 0.5579398732388974, "recall": 0.58038558951126, "f1-score": 0.5656467267553649, "support": 38561}, "weighted avg": {"precision": 0.8873141955986419, "recall": 0.8638520785249345, "f1-score": 0.874865264812941, "support": 38561}}