{"0": {"precision": 0.9927699071812408, "recall": 0.9194643018731337, "f1-score": 0.9547120172883585, "support": 11051}, "1": {"precision": 0.2144748455428067, "recall": 0.7665615141955836, "f1-score": 0.3351724137931034, "support": 317}, "accuracy": 0.9152005629838142, "macro avg": {"precision": 0.6036223763620238, "recall": 0.8430129080343587, "f1-score": 0.644942215540731, "support": 11368}, "weighted avg": {"precision": 0.9710669220880509, "recall": 0.9152005629838142, "f1-score": 0.9374359745096819, "support": 11368}}