{"0": {"precision": 0.8009627480947776, "recall": 0.9115854740802972, "f1-score": 0.8527012518401275, "support": 169022}, "1": {"precision": 0.4779023861929218, "recall": 0.26322473877653124, "f1-score": 0.3394713984365305, "support": 51967}, "accuracy": 0.7591192321789773, "macro avg": {"precision": 0.6394325671438497, "recall": 0.5874051064284143, "f1-score": 0.596086325138329, "support": 220989}, "weighted avg": {"precision": 0.7249930037773965, "recall": 0.7591192321789773, "f1-score": 0.7320119153038078, "support": 220989}}