{"0": {"precision": 0.9016611295681063, "recall": 0.9046666666666666, "f1-score": 0.9031613976705491, "support": 1500.0}, "1": {"precision": 0.6689814814814815, "recall": 0.6613272311212814, "f1-score": 0.6651323360184119, "support": 437.0}, "accuracy": 0.8497676819824471, "macro avg": {"precision": 0.7853213055247938, "recall": 0.7829969488939741, "f1-score": 0.7841468668444805, "support": 1937.0}, "weighted avg": {"precision": 0.8491670633761316, "recall": 0.8497676819824471, "f1-score": 0.8494604684284303, "support": 1937.0}}