{"0": {"precision": 0.8857264231096007, "recall": 0.8864795918367347, "f1-score": 0.8861028474288144, "support": 2352.0}, "1": {"precision": 0.65234375, "recall": 0.6506493506493507, "f1-score": 0.6514954486345904, "support": 770.0}, "accuracy": 0.8283151825752723, "macro avg": {"precision": 0.7690350865548004, "recall": 0.7685644712430427, "f1-score": 0.7687991480317025, "support": 3122.0}, "weighted avg": {"precision": 0.8281656741363808, "recall": 0.8283151825752723, "f1-score": 0.8282400360670104, "support": 3122.0}}