{"0": {"precision": 0.8571428571428571, "recall": 0.9173553719008265, "f1-score": 0.8862275449101797, "support": 242.0}, "1": {"precision": 0.726027397260274, "recall": 0.5888888888888889, "f1-score": 0.6503067484662578, "support": 90.0}, "accuracy": 0.8283132530120482, "macro avg": {"precision": 0.7915851272015655, "recall": 0.7531221303948576, "f1-score": 0.7682671466882187, "support": 332.0}, "weighted avg": {"precision": 0.8215995095843255, "recall": 0.8283132530120482, "f1-score": 0.822273112139237, "support": 332.0}}