{"0": {"precision": 0.9999914074583262, "recall": 0.8713938077945416, "f1-score": 0.9312741312741313, "support": 133555.0}, "1": {"precision": 0.003943400603108328, "recall": 0.9855072463768116, "f1-score": 0.007855368798013055, "support": 69.0}, "accuracy": 0.8714527330419685, "macro avg": {"precision": 0.5019674040307173, "recall": 0.9284505270856767, "f1-score": 0.4695647500360722, "support": 133624.0}, "weighted avg": {"precision": 0.9994770738620185, "recall": 0.8714527330419685, "f1-score": 0.9307973015533412, "support": 133624.0}}