{"0": {"precision": 0.9389646881608297, "recall": 0.904257099815879, "f1-score": 0.9212841246607075, "support": 35846}, "1": {"precision": 0.1504950495049505, "recall": 0.22394106813996317, "f1-score": 0.18001480384900073, "support": 2715}, "accuracy": 0.85635745960945, "macro avg": {"precision": 0.5447298688328901, "recall": 0.5640990839779211, "f1-score": 0.5506494642548542, "support": 38561}, "weighted avg": {"precision": 0.8834501768942465, "recall": 0.85635745960945, "f1-score": 0.869092889837861, "support": 38561}}