{"0": {"precision": 0.9992911392405063, "recall": 0.8929508641751878, "f1-score": 0.9431329446621428, "support": 11051}, "1": {"precision": 0.20763563295378432, "recall": 0.9779179810725552, "f1-score": 0.34254143646408836, "support": 317}, "accuracy": 0.895320197044335, "macro avg": {"precision": 0.6034633860971453, "recall": 0.9354344226238716, "f1-score": 0.6428371905631156, "support": 11368}, "weighted avg": {"precision": 0.9772155942464096, "recall": 0.895320197044335, "f1-score": 0.9263852750545791, "support": 11368}}