{"0": {"precision": 0.874019965356915, "recall": 0.9075386636059212, "f1-score": 0.8904639998142375, "support": 169022}, "1": {"precision": 0.6564142024843355, "recall": 0.5745376873785287, "f1-score": 0.6127529450396092, "support": 51967}, "accuracy": 0.8292313192059333, "macro avg": {"precision": 0.7652170839206252, "recall": 0.741038175492225, "f1-score": 0.7516084724269234, "support": 220989}, "weighted avg": {"precision": 0.8228485555618602, "recall": 0.8292313192059333, "f1-score": 0.8251584398837745, "support": 220989}}