{"0": {"precision": 0.8592297476759628, "recall": 0.824553950722175, "f1-score": 0.841534792976371, "support": 2354}, "1": {"precision": 0.40746054519368724, "recall": 0.4717607973421927, "f1-score": 0.4372594303310239, "support": 602}, "accuracy": 0.7527063599458728, "macro avg": {"precision": 0.633345146434825, "recall": 0.6481573740321838, "f1-score": 0.6393971116536974, "support": 2956}, "weighted avg": {"precision": 0.7672253295790988, "recall": 0.7527063599458728, "f1-score": 0.7592026656717368, "support": 2956}}