{"0": {"precision": 0.9636363636363636, "recall": 0.7723802914642609, "f1-score": 0.8574730354391371, "support": 2882}, "1": {"precision": 0.20868516284680338, "recall": 0.6731517509727627, "f1-score": 0.31860036832412525, "support": 257}, "accuracy": 0.7642561325262822, "macro avg": {"precision": 0.5861607632415835, "recall": 0.7227660212185119, "f1-score": 0.5880367018816312, "support": 3139}, "weighted avg": {"precision": 0.9018260869231056, "recall": 0.7642561325262822, "f1-score": 0.813353801463808, "support": 3139}}