{"0": {"precision": 0.864925709140027, "recall": 0.8316017316017316, "f1-score": 0.8479364378724343, "support": 2310}, "1": {"precision": 0.47002724795640327, "recall": 0.5348837209302325, "f1-score": 0.5003625815808557, "support": 645}, "accuracy": 0.7668358714043993, "macro avg": {"precision": 0.6674764785482151, "recall": 0.683242726265982, "f1-score": 0.674149509726645, "support": 2955}, "weighted avg": {"precision": 0.7787295983232969, "recall": 0.7668358714043993, "f1-score": 0.7720700631488917, "support": 2955}}