{"0": {"precision": 0.5053165780570323, "recall": 0.7306079664570231, "f1-score": 0.5974285714285714, "support": 2862}, "1": {"precision": 0.2579403272377286, "recall": 0.11576673866090713, "f1-score": 0.159809183064997, "support": 2315}, "accuracy": 0.45566930654819393, "macro avg": {"precision": 0.38162845264738043, "recall": 0.4231873525589651, "f1-score": 0.3786188772467842, "support": 5177}, "weighted avg": {"precision": 0.39469729649499097, "recall": 0.45566930654819393, "f1-score": 0.4017382326103997, "support": 5177}}