{"0": {"precision": 0.8463713477851084, "recall": 0.8280313508529276, "f1-score": 0.8371009088790491, "support": 2169}, "1": {"precision": 0.5484261501210653, "recall": 0.5815147625160462, "f1-score": 0.5644859813084111, "support": 779}, "accuracy": 0.7628900949796472, "macro avg": {"precision": 0.6973987489530868, "recall": 0.7047730566844869, "f1-score": 0.7007934450937301, "support": 2948}, "weighted avg": {"precision": 0.7676402389044131, "recall": 0.7628900949796471, "f1-score": 0.7650632465393181, "support": 2948}}