{"0": {"precision": 0.9066608238387379, "recall": 0.8479508196721312, "f1-score": 0.8763235916984328, "support": 2440}, "1": {"precision": 0.46464646464646464, "recall": 0.6018691588785047, "f1-score": 0.5244299674267101, "support": 535}, "accuracy": 0.8036974789915966, "macro avg": {"precision": 0.6856536442426013, "recall": 0.7249099892753179, "f1-score": 0.7003767795625715, "support": 2975}, "weighted avg": {"precision": 0.8271725273117241, "recall": 0.8036974789915966, "f1-score": 0.8130418811151147, "support": 2975}}