{"0": {"precision": 0.9562949348613439, "recall": 0.9870278413212074, "f1-score": 0.9714183735105155, "support": 35846}, "1": {"precision": 0.7024952015355086, "recall": 0.4044198895027624, "f1-score": 0.5133239831697055, "support": 2715}, "accuracy": 0.9460076242836026, "macro avg": {"precision": 0.8293950681984262, "recall": 0.6957238654119848, "f1-score": 0.7423711783401106, "support": 38561}, "weighted avg": {"precision": 0.9384254222454977, "recall": 0.9460076242836026, "f1-score": 0.9391648979840692, "support": 38561}}