{"0": {"precision": 0.9722321110715557, "recall": 0.9885078273459416, "f1-score": 0.9803024184502176, "support": 11051}, "1": {"precision": 0.03787878787878788, "recall": 0.015772870662460567, "f1-score": 0.022271714922048998, "support": 317}, "accuracy": 0.9613828289936664, "macro avg": {"precision": 0.5050554494751718, "recall": 0.502140349004201, "f1-score": 0.5012870666861333, "support": 11368}, "weighted avg": {"precision": 0.946177395778443, "recall": 0.9613828289936664, "f1-score": 0.953587452491524, "support": 11368}}