{"0": {"precision": 0.7799782443264845, "recall": 0.9884452911455314, "f1-score": 0.8719244087584385, "support": 169022}, "1": {"precision": 0.7124558303886925, "recall": 0.09311678565243328, "f1-score": 0.16470668323150497, "support": 51967}, "accuracy": 0.7779029725461448, "macro avg": {"precision": 0.7462170373575885, "recall": 0.5407810383989823, "f1-score": 0.5183155459949718, "support": 220989}, "weighted avg": {"precision": 0.7640999097256437, "recall": 0.7779029725461448, "f1-score": 0.7056175629767111, "support": 220989}}