{"0": {"precision": 0.9990580373408217, "recall": 0.8469628368452377, "f1-score": 0.9167448118400131, "support": 265478.0}, "1": {"precision": 0.0036784540683701995, "recall": 0.4143646408839779, "f1-score": 0.007292173067574137, "support": 362.0}, "accuracy": 0.8463737586518206, "macro avg": {"precision": 0.5013682457045959, "recall": 0.6306637388646078, "f1-score": 0.4620184924537936, "support": 265840.0}, "weighted avg": {"precision": 0.9977026077247194, "recall": 0.8463737586518206, "f1-score": 0.9155063907775859, "support": 265840.0}}