{"0": {"precision": 0.9565114209433403, "recall": 0.8995145901913743, "f1-score": 0.9271378457645639, "support": 35846}, "1": {"precision": 0.2574726860441146, "recall": 0.460036832412523, "f1-score": 0.33016124768702093, "support": 2715}, "accuracy": 0.8685718731360701, "macro avg": {"precision": 0.6069920534937274, "recall": 0.6797757113019487, "f1-score": 0.6286495467257924, "support": 38561}, "weighted avg": {"precision": 0.9072935540505886, "recall": 0.8685718731360701, "f1-score": 0.8851059621572785, "support": 38561}}