{"0": {"precision": 0.9979020979020979, "recall": 0.9039000995385033, "f1-score": 0.9485779402687432, "support": 11051}, "1": {"precision": 0.21796759941089838, "recall": 0.9337539432176656, "f1-score": 0.35343283582089546, "support": 317}, "accuracy": 0.9047325826882477, "macro avg": {"precision": 0.6079348486564982, "recall": 0.9188270213780845, "f1-score": 0.6510053880448193, "support": 11368}, "weighted avg": {"precision": 0.9761533966334747, "recall": 0.9047325826882477, "f1-score": 0.9319821452203646, "support": 11368}}