{"0": {"precision": 0.878948477998618, "recall": 0.8879968288151838, "f1-score": 0.8834494855555295, "support": 169022}, "1": {"precision": 0.6230911661058793, "recall": 0.6022283372140012, "f1-score": 0.6124821418087167, "support": 51967}, "accuracy": 0.820796510233541, "macro avg": {"precision": 0.7510198220522486, "recall": 0.7451125830145925, "f1-score": 0.7479658136821231, "support": 220989}, "weighted avg": {"precision": 0.8187819677780641, "recall": 0.820796510233541, "f1-score": 0.8197297531141382, "support": 220989}}