{"0": {"precision": 0.8086534875046625, "recall": 0.9209855564995751, "f1-score": 0.8611717974180735, "support": 2354}, "1": {"precision": 0.3236363636363636, "recall": 0.1478405315614618, "f1-score": 0.20296465222348914, "support": 602}, "accuracy": 0.763531799729364, "macro avg": {"precision": 0.5661449255705131, "recall": 0.5344130440305185, "f1-score": 0.5320682248207813, "support": 2956}, "weighted avg": {"precision": 0.7098780109929183, "recall": 0.763531799729364, "f1-score": 0.7271255520164701, "support": 2956}}