{"0": {"precision": 0.9184729860886445, "recall": 0.9850798056904927, "f1-score": 0.9506110832077682, "support": 2882}, "1": {"precision": 0.10416666666666667, "recall": 0.019455252918287938, "f1-score": 0.03278688524590164, "support": 257}, "accuracy": 0.9060210258043963, "macro avg": {"precision": 0.5113198263776556, "recall": 0.5022675293043903, "f1-score": 0.49169898422683495, "support": 3139}, "weighted avg": {"precision": 0.8518031154000659, "recall": 0.9060210258043963, "f1-score": 0.8754658717148724, "support": 3139}}