{"0": {"precision": 0.8624296057924377, "recall": 0.9281385281385282, "f1-score": 0.8940783986655546, "support": 2310}, "1": {"precision": 0.6460554371002132, "recall": 0.4697674418604651, "f1-score": 0.5439856373429084, "support": 645}, "accuracy": 0.828087986463621, "macro avg": {"precision": 0.7542425214463254, "recall": 0.6989529849994967, "f1-score": 0.7190320180042316, "support": 2955}, "weighted avg": {"precision": 0.8152007263316984, "recall": 0.828087986463621, "f1-score": 0.8176622121839617, "support": 2955}}