{"0": {"precision": 0.5556656101426307, "recall": 0.980083857442348, "f1-score": 0.7092288242730721, "support": 2862}, "1": {"precision": 0.5581395348837209, "recall": 0.031101511879049675, "f1-score": 0.058919803600654665, "support": 2315}, "accuracy": 0.5557272551670852, "macro avg": {"precision": 0.5569025725131758, "recall": 0.5055926846606988, "f1-score": 0.38407431393686337, "support": 5177}, "weighted avg": {"precision": 0.5567718755039642, "recall": 0.5557272551670852, "f1-score": 0.41843002518930805, "support": 5177}}