{"0": {"precision": 0.7602952602952603, "recall": 0.9022591055786077, "f1-score": 0.8252161079485557, "support": 2169}, "1": {"precision": 0.43315508021390375, "recall": 0.2079589216944801, "f1-score": 0.2810060711188205, "support": 779}, "accuracy": 0.7187924016282226, "macro avg": {"precision": 0.596725170254582, "recall": 0.5551090136365439, "f1-score": 0.5531110895336881, "support": 2948}, "weighted avg": {"precision": 0.6738494664406549, "recall": 0.7187924016282226, "f1-score": 0.6814102671444975, "support": 2948}}