{"0": {"precision": 0.8541587542726927, "recall": 0.9217213114754098, "f1-score": 0.8866548393455549, "support": 2440}, "1": {"precision": 0.4415204678362573, "recall": 0.2822429906542056, "f1-score": 0.34435575826681875, "support": 535}, "accuracy": 0.8067226890756303, "macro avg": {"precision": 0.6478396110544751, "recall": 0.6019821510648077, "f1-score": 0.6155052988061869, "support": 2975}, "weighted avg": {"precision": 0.7799532136866447, "recall": 0.8067226890756303, "f1-score": 0.7891321474540847, "support": 2975}}