{"0": {"precision": 1.0, "recall": 0.5848861283643892, "f1-score": 0.7380796864794251, "support": 17388}, "1": {"precision": 0.1121771217712177, "recall": 1.0, "f1-score": 0.2017252820172528, "support": 912}, "accuracy": 0.6055737704918033, "macro avg": {"precision": 0.5560885608856089, "recall": 0.7924430641821947, "f1-score": 0.46990248424833897, "support": 18300}, "weighted avg": {"precision": 0.9557544008226968, "recall": 0.6055737704918033, "f1-score": 0.7113498932078677, "support": 18300}}