{"0": {"precision": 1.0, "recall": 0.47461713913326814, "f1-score": 0.6437157503977373, "support": 15345}, "1": {"precision": 0.18729838709677418, "recall": 1.0, "f1-score": 0.315503481066395, "support": 1858}, "accuracy": 0.5313608091611928, "macro avg": {"precision": 0.5936491935483871, "recall": 0.737308569566634, "f1-score": 0.4796096157320662, "support": 17203}, "weighted avg": {"precision": 0.912224635425554, "recall": 0.5313608091611928, "f1-score": 0.6082673753225973, "support": 17203}}