{"0": {"precision": 0.9997619066515345, "recall": 0.943214406049942, "f1-score": 0.9706652899566952, "support": 133555.0}, "1": {"precision": 0.005116096025186935, "recall": 0.5652173913043478, "f1-score": 0.01014040561622465, "support": 69.0}, "accuracy": 0.9430192181045322, "macro avg": {"precision": 0.5024390013383607, "recall": 0.7542158986771449, "f1-score": 0.49040284778645993, "support": 133624.0}, "weighted avg": {"precision": 0.9992482971133285, "recall": 0.9430192181045322, "f1-score": 0.9701692995880526, "support": 133624.0}}