{"0": {"precision": 0.9199120042808728, "recall": 0.9726535487521217, "f1-score": 0.9455478824176495, "support": 15907}, "1": {"precision": 0.40816326530612246, "recall": 0.18214936247723132, "f1-score": 0.2518891687657431, "support": 1647}, "accuracy": 0.8984846758573545, "macro avg": {"precision": 0.6640376347934976, "recall": 0.5774014556146765, "f1-score": 0.5987185255916962, "support": 17554}, "weighted avg": {"precision": 0.8718972969155194, "recall": 0.8984846758573545, "f1-score": 0.8804655136478712, "support": 17554}}