{"0": {"precision": 0.9402437984826528, "recall": 0.9775768855800763, "f1-score": 0.9585469714087078, "support": 11283}, "1": {"precision": 0.041666666666666664, "recall": 0.01544943820224719, "f1-score": 0.022540983606557374, "support": 712}, "accuracy": 0.9204668611921634, "macro avg": {"precision": 0.49095523257465973, "recall": 0.49651316189116174, "f1-score": 0.49054397750763257, "support": 11995}, "weighted avg": {"precision": 0.8869059979113328, "recall": 0.9204668611921634, "f1-score": 0.9029874663386678, "support": 11995}}