{"0": {"precision": 0.8779934288520814, "recall": 0.9777450869450417, "f1-score": 0.9251882785451689, "support": 26511}, "1": {"precision": 0.4939965694682676, "recall": 0.13786500718046912, "f1-score": 0.2155688622754491, "support": 4178}, "accuracy": 0.8634038254749259, "macro avg": {"precision": 0.6859949991601745, "recall": 0.5578050470627554, "f1-score": 0.570378570410309, "support": 30689}, "weighted avg": {"precision": 0.8257161021713303, "recall": 0.8634038254749259, "f1-score": 0.8285807018507544, "support": 30689}}