{"0": {"precision": 0.9559158515342355, "recall": 0.896963600930408, "f1-score": 0.9255018973178087, "support": 15907}, "1": {"precision": 0.3763318112633181, "recall": 0.6004857316332726, "f1-score": 0.46269005847953215, "support": 1647}, "accuracy": 0.8691466332459838, "macro avg": {"precision": 0.6661238313987768, "recall": 0.7487246662818403, "f1-score": 0.6940959778986704, "support": 17554}, "weighted avg": {"precision": 0.9015365126755025, "recall": 0.8691466332459838, "f1-score": 0.8820786833172025, "support": 17554}}