{"0": {"precision": 0.9800641836040066, "recall": 0.8932021625454223, "f1-score": 0.9346193081702681, "support": 11283}, "1": {"precision": 0.29614485981308414, "recall": 0.7120786516853933, "f1-score": 0.41831683168316836, "support": 712}, "accuracy": 0.8824510212588579, "macro avg": {"precision": 0.6381045217085454, "recall": 0.8026404071154079, "f1-score": 0.6764680699267183, "support": 11995}, "weighted avg": {"precision": 0.939468055338968, "recall": 0.8824510212588579, "f1-score": 0.9039725917668654, "support": 11995}}