{"0": {"precision": 0.9040716185339177, "recall": 0.9104145449058881, "f1-score": 0.9072319951886936, "support": 26511}, "1": {"precision": 0.40506012024048094, "recall": 0.38702728578267115, "f1-score": 0.3958384332925336, "support": 4178}, "accuracy": 0.8391606112939489, "macro avg": {"precision": 0.6545658693871993, "recall": 0.6487209153442797, "f1-score": 0.6515352142406136, "support": 30689}, "weighted avg": {"precision": 0.8361362006359745, "recall": 0.8391606112939489, "f1-score": 0.8376108833374714, "support": 30689}}