{"0": {"precision": 0.9189224193757285, "recall": 0.8920600993273402, "f1-score": 0.9052920348336471, "support": 15907.0}, "1": {"precision": 0.18702651515151514, "recall": 0.23982999392835458, "f1-score": 0.21016227720138334, "support": 1647.0}, "accuracy": 0.8308647601686225, "macro avg": {"precision": 0.5529744672636219, "recall": 0.5659450466278474, "f1-score": 0.5577271560175152, "support": 17554.0}, "weighted avg": {"precision": 0.8502524550224597, "recall": 0.8308647601686225, "f1-score": 0.8400716457018059, "support": 17554.0}}