{"0": {"precision": 0.98154767655299, "recall": 0.9004697332269787, "f1-score": 0.9392622723490801, "support": 11283.0}, "1": {"precision": 0.31690997566909973, "recall": 0.7317415730337079, "f1-score": 0.44227504244482174, "support": 712.0}, "accuracy": 0.890454355981659, "macro avg": {"precision": 0.6492288261110448, "recall": 0.8161056531303432, "f1-score": 0.6907686573969509, "support": 11995.0}, "weighted avg": {"precision": 0.9420960681303697, "recall": 0.890454355981659, "f1-score": 0.9097620716244588, "support": 11995.0}}