{"0": {"precision": 0.9119780135888236, "recall": 0.9012108181509562, "f1-score": 0.9065624466409911, "support": 26511.0}, "1": {"precision": 0.4168336673346693, "recall": 0.4480612733365247, "f1-score": 0.43188372361287347, "support": 4178.0}, "accuracy": 0.8395190459122162, "macro avg": {"precision": 0.6644058404617464, "recall": 0.6746360457437404, "f1-score": 0.6692230851269323, "support": 30689.0}, "weighted avg": {"precision": 0.8445690697115433, "recall": 0.8395190459122162, "f1-score": 0.8419396924029424, "support": 30689.0}}