{"0": {"precision": 0.9223091448610736, "recall": 0.8597472810712266, "f1-score": 0.8899300471774849, "support": 15907}, "1": {"precision": 0.18158473954512105, "recall": 0.3005464480874317, "f1-score": 0.22638920649439745, "support": 1647}, "accuracy": 0.8072803919334625, "macro avg": {"precision": 0.5519469422030974, "recall": 0.5801468645793291, "f1-score": 0.5581596268359412, "support": 17554}, "weighted avg": {"precision": 0.8528108484297546, "recall": 0.8072803919334625, "f1-score": 0.8276734808903112, "support": 17554}}