{"0": {"precision": 0.9912369057211926, "recall": 0.8721971106975095, "f1-score": 0.9279147612088068, "support": 11283}, "1": {"precision": 0.30237058538945333, "recall": 0.8778089887640449, "f1-score": 0.44980208708168407, "support": 712}, "accuracy": 0.8725302209253856, "macro avg": {"precision": 0.6468037455553229, "recall": 0.8750030497307772, "f1-score": 0.6888584241452455, "support": 11995}, "weighted avg": {"precision": 0.9503471333096714, "recall": 0.8725302209253856, "f1-score": 0.8995349176090977, "support": 11995}}