{"0": {"precision": 0.9327713983223389, "recall": 0.8640564294066614, "f1-score": 0.897100001958135, "support": 26511}, "1": {"precision": 0.4121676724840972, "recall": 0.6048348492101484, "f1-score": 0.49025123678339316, "support": 4178}, "accuracy": 0.8287660073642021, "macro avg": {"precision": 0.6724695354032181, "recall": 0.7344456393084049, "f1-score": 0.693675619370764, "support": 30689}, "weighted avg": {"precision": 0.8618964148900937, "recall": 0.8287660073642021, "f1-score": 0.841711617165536, "support": 30689}}