{"0": {"precision": 0.9999917245260223, "recall": 0.9047808019168133, "f1-score": 0.9500066825475445, "support": 133555.0}, "1": {"precision": 0.005318732890105592, "recall": 0.9855072463768116, "f1-score": 0.010580364088999532, "support": 69.0}, "accuracy": 0.9048224869783871, "macro avg": {"precision": 0.5026552287080639, "recall": 0.9451440241468125, "f1-score": 0.480293523318272, "support": 133624.0}, "weighted avg": {"precision": 0.9994781009522415, "recall": 0.9048224869783871, "f1-score": 0.9495215869361749, "support": 133624.0}}