{"0": {"precision": 0.9502899751449876, "recall": 0.863945768007588, "f1-score": 0.9050631986556588, "support": 35846}, "1": {"precision": 0.1833556597454789, "recall": 0.40331491712707185, "f1-score": 0.25210084033613445, "support": 2715}, "accuracy": 0.8315137055574285, "macro avg": {"precision": 0.5668228174452332, "recall": 0.63363034256733, "f1-score": 0.5785820194958966, "support": 38561}, "weighted avg": {"precision": 0.8962917213053655, "recall": 0.8315137055574285, "f1-score": 0.8590894738342717, "support": 38561}}