{"0": {"precision": 0.9917038266099761, "recall": 0.8653515518957561, "f1-score": 0.924229245191843, "support": 11051}, "1": {"precision": 0.1373913043478261, "recall": 0.7476340694006309, "f1-score": 0.23212536728697358, "support": 317}, "accuracy": 0.8620689655172413, "macro avg": {"precision": 0.5645475654789012, "recall": 0.8064928106481934, "f1-score": 0.5781773062394083, "support": 11368}, "weighted avg": {"precision": 0.9678810724265576, "recall": 0.8620689655172413, "f1-score": 0.9049297264290137, "support": 11368}}