{"0": {"precision": 0.8478113017272717, "recall": 0.8555158500076913, "f1-score": 0.8516461511278638, "support": 169022}, "1": {"precision": 0.5157541988062898, "recall": 0.5005099389997498, "f1-score": 0.5080177347213813, "support": 51967}, "accuracy": 0.7720339021399255, "macro avg": {"precision": 0.6817827502667808, "recall": 0.6780128945037205, "f1-score": 0.6798319429246226, "support": 220989}, "weighted avg": {"precision": 0.7697259152714089, "recall": 0.7720339021399255, "f1-score": 0.7708396950807497, "support": 220989}}