{"0": {"precision": 0.9994049035943823, "recall": 0.8540029682308892, "f1-score": 0.9210004631021345, "support": 265478.0}, "1": {"precision": 0.0058226029856871695, "recall": 0.6270718232044199, "f1-score": 0.01153807054996442, "support": 362.0}, "accuracy": 0.8536939512488715, "macro avg": {"precision": 0.5026137532900348, "recall": 0.7405373957176545, "f1-score": 0.46626926682604947, "support": 265840.0}, "weighted avg": {"precision": 0.9980519213764304, "recall": 0.8536939512488715, "f1-score": 0.9197620287577774, "support": 265840.0}}