{"0": {"precision": 0.9172889552663395, "recall": 0.8108379958508832, "f1-score": 0.8607848371596369, "support": 15907}, "1": {"precision": 0.13856283996564558, "recall": 0.2938676381299332, "f1-score": 0.18832684824902726, "support": 1647}, "accuracy": 0.762333371311382, "macro avg": {"precision": 0.5279258976159925, "recall": 0.5523528169904082, "f1-score": 0.5245558427043321, "support": 17554}, "weighted avg": {"precision": 0.8442251571633291, "recall": 0.762333371311382, "f1-score": 0.7976916214973505, "support": 17554}}