{"0": {"precision": 0.9735701448356063, "recall": 0.8161836391030755, "f1-score": 0.8879568026226979, "support": 11283}, "1": {"precision": 0.18217665615141956, "recall": 0.648876404494382, "f1-score": 0.28448275862068967, "support": 712}, "accuracy": 0.8062526052521884, "macro avg": {"precision": 0.577873400493513, "recall": 0.7325300217987287, "f1-score": 0.5862197806216938, "support": 11995}, "weighted avg": {"precision": 0.9265945580125017, "recall": 0.8062526052521884, "f1-score": 0.8521357505735584, "support": 11995}}