{"0": {"precision": 0.92028430371127, "recall": 0.8156237033684132, "f1-score": 0.864798928150059, "support": 26511}, "1": {"precision": 0.32045043792576117, "recall": 0.551699377692676, "f1-score": 0.4054172895963416, "support": 4178}, "accuracy": 0.7796930496269021, "macro avg": {"precision": 0.6203673708185156, "recall": 0.6836615405305446, "f1-score": 0.6351081088732002, "support": 30689}, "weighted avg": {"precision": 0.8386229302141911, "recall": 0.7796930496269021, "f1-score": 0.802258718763066, "support": 30689}}