{"0": {"precision": 1.0, "recall": 0.4867612658256457, "f1-score": 0.6547941179451319, "support": 265471.0}, "1": {"precision": 0.002700942035880807, "recall": 1.0, "f1-score": 0.005387333197068356, "support": 369.0}, "accuracy": 0.48747366837195305, "macro avg": {"precision": 0.5013504710179404, "recall": 0.7433806329128229, "f1-score": 0.3300907255711001, "support": 265840.0}, "weighted avg": {"precision": 0.9986156960864101, "recall": 0.48747366837195305, "f1-score": 0.6538927069325979, "support": 265840.0}}