{"0": {"precision": 0.9997945768282662, "recall": 0.8381640522631125, "f1-score": 0.9118724009139821, "support": 133555.0}, "1": {"precision": 0.002123730378578024, "recall": 0.6666666666666666, "f1-score": 0.004233973031432647, "support": 69.0}, "accuracy": 0.8380754954199844, "macro avg": {"precision": 0.5009591536034221, "recall": 0.7524153594648896, "f1-score": 0.4580531869727074, "support": 133624.0}, "weighted avg": {"precision": 0.9992794052392925, "recall": 0.8380754954199844, "f1-score": 0.9114037197524849, "support": 133624.0}}